<annotation>
	<folder>images</folder>
	<filename>113.jpg</filename>
	<path>D:\2code\Data\test_256\images\113.jpg</path>
	<source>
		<database>Unknown</database>
	</source>
	<size>
		<width>512</width>
		<height>512</height>
		<depth>3</depth>
	</size>
	<segmented>0</segmented>
	<object>
		<name>landslide</name>
		<pose>Unspecified</pose>
		<truncated>0</truncated>
		<difficult>0</difficult>
		<bndbox>
			<xmin>85</xmin>
			<ymin>196</ymin>
			<xmax>201</xmax>
			<ymax>262</ymax>
		</bndbox>
	</object>
	<object>
		<name>landslide</name>
		<pose>Unspecified</pose>
		<truncated>0</truncated>
		<difficult>0</difficult>
		<bndbox>
			<xmin>404</xmin>
			<ymin>196</ymin>
			<xmax>487</xmax>
			<ymax>251</ymax>
		</bndbox>
	</object>
</annotation>
