<annotation>
	<folder>images</folder>
	<filename>12.jpg</filename>
	<path>D:\2code\Data\test_256\images\12.jpg</path>
	<source>
		<database>Unknown</database>
	</source>
	<size>
		<width>512</width>
		<height>512</height>
		<depth>3</depth>
	</size>
	<segmented>0</segmented>
	<object>
		<name>landslide</name>
		<pose>Unspecified</pose>
		<truncated>0</truncated>
		<difficult>0</difficult>
		<bndbox>
			<xmin>55</xmin>
			<ymin>41</ymin>
			<xmax>509</xmax>
			<ymax>511</ymax>
		</bndbox>
	</object>
</annotation>
