<annotation>
	<folder>images</folder>
	<filename>131.jpg</filename>
	<path>D:\2code\Data\test_256\images\131.jpg</path>
	<source>
		<database>Unknown</database>
	</source>
	<size>
		<width>512</width>
		<height>512</height>
		<depth>3</depth>
	</size>
	<segmented>0</segmented>
	<object>
		<name>landslide</name>
		<pose>Unspecified</pose>
		<truncated>0</truncated>
		<difficult>0</difficult>
		<bndbox>
			<xmin>192</xmin>
			<ymin>181</ymin>
			<xmax>316</xmax>
			<ymax>328</ymax>
		</bndbox>
	</object>
	<object>
		<name>landslide</name>
		<pose>Unspecified</pose>
		<truncated>1</truncated>
		<difficult>0</difficult>
		<bndbox>
			<xmin>352</xmin>
			<ymin>408</ymin>
			<xmax>512</xmax>
			<ymax>512</ymax>
		</bndbox>
	</object>
</annotation>
