<annotation>
	<folder>images</folder>
	<filename>135.jpg</filename>
	<path>D:\2code\Data\test_256\images\135.jpg</path>
	<source>
		<database>Unknown</database>
	</source>
	<size>
		<width>512</width>
		<height>512</height>
		<depth>3</depth>
	</size>
	<segmented>0</segmented>
	<object>
		<name>landslide</name>
		<pose>Unspecified</pose>
		<truncated>0</truncated>
		<difficult>0</difficult>
		<bndbox>
			<xmin>190</xmin>
			<ymin>362</ymin>
			<xmax>302</xmax>
			<ymax>483</ymax>
		</bndbox>
	</object>
</annotation>
