<annotation>
	<folder>images</folder>
	<filename>138.jpg</filename>
	<path>D:\2code\Data\test_256\images\138.jpg</path>
	<source>
		<database>Unknown</database>
	</source>
	<size>
		<width>512</width>
		<height>512</height>
		<depth>3</depth>
	</size>
	<segmented>0</segmented>
	<object>
		<name>landslide</name>
		<pose>Unspecified</pose>
		<truncated>0</truncated>
		<difficult>0</difficult>
		<bndbox>
			<xmin>306</xmin>
			<ymin>46</ymin>
			<xmax>372</xmax>
			<ymax>137</ymax>
		</bndbox>
	</object>
	<object>
		<name>landslide</name>
		<pose>Unspecified</pose>
		<truncated>0</truncated>
		<difficult>0</difficult>
		<bndbox>
			<xmin>222</xmin>
			<ymin>209</ymin>
			<xmax>312</xmax>
			<ymax>280</ymax>
		</bndbox>
	</object>
</annotation>
