<annotation>
	<folder>images</folder>
	<filename>139.jpg</filename>
	<path>D:\2code\Data\test_256\images\139.jpg</path>
	<source>
		<database>Unknown</database>
	</source>
	<size>
		<width>512</width>
		<height>512</height>
		<depth>3</depth>
	</size>
	<segmented>0</segmented>
	<object>
		<name>landslide</name>
		<pose>Unspecified</pose>
		<truncated>0</truncated>
		<difficult>0</difficult>
		<bndbox>
			<xmin>212</xmin>
			<ymin>219</ymin>
			<xmax>285</xmax>
			<ymax>303</ymax>
		</bndbox>
	</object>
	<object>
		<name>landslide</name>
		<pose>Unspecified</pose>
		<truncated>0</truncated>
		<difficult>0</difficult>
		<bndbox>
			<xmin>137</xmin>
			<ymin>370</ymin>
			<xmax>251</xmax>
			<ymax>442</ymax>
		</bndbox>
	</object>
</annotation>
