<annotation>
	<folder>images</folder>
	<filename>203.jpg</filename>
	<path>D:\2code\Data\test_256\images\203.jpg</path>
	<source>
		<database>Unknown</database>
	</source>
	<size>
		<width>512</width>
		<height>512</height>
		<depth>3</depth>
	</size>
	<segmented>0</segmented>
	<object>
		<name>landslide</name>
		<pose>Unspecified</pose>
		<truncated>0</truncated>
		<difficult>0</difficult>
		<bndbox>
			<xmin>195</xmin>
			<ymin>194</ymin>
			<xmax>313</xmax>
			<ymax>322</ymax>
		</bndbox>
	</object>
</annotation>
