<annotation>
	<folder>images</folder>
	<filename>211.jpg</filename>
	<path>D:\2code\Data\test_256\images\211.jpg</path>
	<source>
		<database>Unknown</database>
	</source>
	<size>
		<width>512</width>
		<height>512</height>
		<depth>3</depth>
	</size>
	<segmented>0</segmented>
	<object>
		<name>landslide</name>
		<pose>Unspecified</pose>
		<truncated>0</truncated>
		<difficult>0</difficult>
		<bndbox>
			<xmin>210</xmin>
			<ymin>290</ymin>
			<xmax>308</xmax>
			<ymax>402</ymax>
		</bndbox>
	</object>
	<object>
		<name>landslide</name>
		<pose>Unspecified</pose>
		<truncated>0</truncated>
		<difficult>0</difficult>
		<bndbox>
			<xmin>345</xmin>
			<ymin>256</ymin>
			<xmax>409</xmax>
			<ymax>319</ymax>
		</bndbox>
	</object>
</annotation>
