<annotation>
	<folder>images</folder>
	<filename>229.jpg</filename>
	<path>D:\2code\Data\test_256\images\229.jpg</path>
	<source>
		<database>Unknown</database>
	</source>
	<size>
		<width>512</width>
		<height>512</height>
		<depth>3</depth>
	</size>
	<segmented>0</segmented>
	<object>
		<name>landslide</name>
		<pose>Unspecified</pose>
		<truncated>1</truncated>
		<difficult>0</difficult>
		<bndbox>
			<xmin>174</xmin>
			<ymin>2</ymin>
			<xmax>508</xmax>
			<ymax>512</ymax>
		</bndbox>
	</object>
</annotation>
