<annotation>
	<folder>images</folder>
	<filename>yx4.jpg</filename>
	<path>D:\2code\Data\test\images\yx4.jpg</path>
	<source>
		<database>Unknown</database>
	</source>
	<size>
		<width>368</width>
		<height>325</height>
		<depth>3</depth>
	</size>
	<segmented>0</segmented>
	<object>
		<name>landslide</name>
		<pose>Unspecified</pose>
		<truncated>0</truncated>
		<difficult>0</difficult>
		<bndbox>
			<xmin>105</xmin>
			<ymin>75</ymin>
			<xmax>365</xmax>
			<ymax>316</ymax>
		</bndbox>
	</object>
</annotation>
