<annotation>
	<folder>images</folder>
	<filename>yx5.jpg</filename>
	<path>D:\2code\Data\test\images\yx5.jpg</path>
	<source>
		<database>Unknown</database>
	</source>
	<size>
		<width>371</width>
		<height>332</height>
		<depth>3</depth>
	</size>
	<segmented>0</segmented>
	<object>
		<name>landslide</name>
		<pose>Unspecified</pose>
		<truncated>0</truncated>
		<difficult>0</difficult>
		<bndbox>
			<xmin>4</xmin>
			<ymin>125</ymin>
			<xmax>253</xmax>
			<ymax>329</ymax>
		</bndbox>
	</object>
	<object>
		<name>landslide</name>
		<pose>Unspecified</pose>
		<truncated>1</truncated>
		<difficult>0</difficult>
		<bndbox>
			<xmin>65</xmin>
			<ymin>1</ymin>
			<xmax>230</xmax>
			<ymax>111</ymax>
		</bndbox>
	</object>
</annotation>
