<annotation>
	<folder>images</folder>
	<filename>yx13.jpg</filename>
	<path>D:\2code\Data\test\images\yx13.jpg</path>
	<source>
		<database>Unknown</database>
	</source>
	<size>
		<width>386</width>
		<height>383</height>
		<depth>3</depth>
	</size>
	<segmented>0</segmented>
	<object>
		<name>landslide</name>
		<pose>Unspecified</pose>
		<truncated>0</truncated>
		<difficult>0</difficult>
		<bndbox>
			<xmin>211</xmin>
			<ymin>55</ymin>
			<xmax>301</xmax>
			<ymax>357</ymax>
		</bndbox>
	</object>
	<object>
		<name>landslide</name>
		<pose>Unspecified</pose>
		<truncated>0</truncated>
		<difficult>0</difficult>
		<bndbox>
			<xmin>77</xmin>
			<ymin>191</ymin>
			<xmax>189</xmax>
			<ymax>378</ymax>
		</bndbox>
	</object>
</annotation>
