<annotation>
	<folder>images</folder>
	<filename>yx25.jpg</filename>
	<path>D:\2code\Data\test\images\yx25.jpg</path>
	<source>
		<database>Unknown</database>
	</source>
	<size>
		<width>348</width>
		<height>340</height>
		<depth>3</depth>
	</size>
	<segmented>0</segmented>
	<object>
		<name>landslide</name>
		<pose>Unspecified</pose>
		<truncated>0</truncated>
		<difficult>0</difficult>
		<bndbox>
			<xmin>3</xmin>
			<ymin>90</ymin>
			<xmax>137</xmax>
			<ymax>333</ymax>
		</bndbox>
	</object>
</annotation>
