<annotation>
	<folder>images</folder>
	<filename>yx42.jpg</filename>
	<path>D:\2code\Data\test\images\yx42.jpg</path>
	<source>
		<database>Unknown</database>
	</source>
	<size>
		<width>338</width>
		<height>310</height>
		<depth>3</depth>
	</size>
	<segmented>0</segmented>
	<object>
		<name>landslide</name>
		<pose>Unspecified</pose>
		<truncated>1</truncated>
		<difficult>0</difficult>
		<bndbox>
			<xmin>133</xmin>
			<ymin>19</ymin>
			<xmax>220</xmax>
			<ymax>310</ymax>
		</bndbox>
	</object>
	<object>
		<name>landslide</name>
		<pose>Unspecified</pose>
		<truncated>1</truncated>
		<difficult>0</difficult>
		<bndbox>
			<xmin>284</xmin>
			<ymin>150</ymin>
			<xmax>338</xmax>
			<ymax>310</ymax>
		</bndbox>
	</object>
</annotation>
