<annotation>
	<folder>images</folder>
	<filename>yx60.jpg</filename>
	<path>D:\2code\Data\test\images\yx60.jpg</path>
	<source>
		<database>Unknown</database>
	</source>
	<size>
		<width>330</width>
		<height>326</height>
		<depth>3</depth>
	</size>
	<segmented>0</segmented>
	<object>
		<name>landslide</name>
		<pose>Unspecified</pose>
		<truncated>0</truncated>
		<difficult>0</difficult>
		<bndbox>
			<xmin>169</xmin>
			<ymin>98</ymin>
			<xmax>328</xmax>
			<ymax>202</ymax>
		</bndbox>
	</object>
</annotation>
