<annotation>
	<folder>images</folder>
	<filename>yx61.jpg</filename>
	<path>D:\2code\Data\test\images\yx61.jpg</path>
	<source>
		<database>Unknown</database>
	</source>
	<size>
		<width>256</width>
		<height>256</height>
		<depth>3</depth>
	</size>
	<segmented>0</segmented>
	<object>
		<name>landslide</name>
		<pose>Unspecified</pose>
		<truncated>1</truncated>
		<difficult>0</difficult>
		<bndbox>
			<xmin>95</xmin>
			<ymin>62</ymin>
			<xmax>256</xmax>
			<ymax>214</ymax>
		</bndbox>
	</object>
</annotation>
