<annotation>
	<folder>images</folder>
	<filename>28.jpg</filename>
	<path>D:\2code\Data\test_256\images\28.jpg</path>
	<source>
		<database>Unknown</database>
	</source>
	<size>
		<width>512</width>
		<height>512</height>
		<depth>3</depth>
	</size>
	<segmented>0</segmented>
	<object>
		<name>landslide</name>
		<pose>Unspecified</pose>
		<truncated>0</truncated>
		<difficult>0</difficult>
		<bndbox>
			<xmin>163</xmin>
			<ymin>219</ymin>
			<xmax>324</xmax>
			<ymax>452</ymax>
		</bndbox>
	</object>
	<object>
		<name>landslide</name>
		<pose>Unspecified</pose>
		<truncated>1</truncated>
		<difficult>0</difficult>
		<bndbox>
			<xmin>443</xmin>
			<ymin>256</ymin>
			<xmax>512</xmax>
			<ymax>411</ymax>
		</bndbox>
	</object>
</annotation>
