<annotation>
	<folder>images</folder>
	<filename>35.jpg</filename>
	<path>D:\2code\Data\test_256\images\35.jpg</path>
	<source>
		<database>Unknown</database>
	</source>
	<size>
		<width>512</width>
		<height>512</height>
		<depth>3</depth>
	</size>
	<segmented>0</segmented>
	<object>
		<name>landslide</name>
		<pose>Unspecified</pose>
		<truncated>0</truncated>
		<difficult>0</difficult>
		<bndbox>
			<xmin>224</xmin>
			<ymin>314</ymin>
			<xmax>445</xmax>
			<ymax>475</ymax>
		</bndbox>
	</object>
</annotation>
