<annotation>
	<folder>Dateset</folder>
	<filename>df009.jpg</filename>
	<path>D:\1 Study\Dateset\df009.jpg</path>
	<source>
		<database>Unknown</database>
	</source>
	<size>
		<width>512</width>
		<height>512</height>
		<depth>3</depth>
	</size>
	<segmented>0</segmented>
	<object>
		<name>landslide</name>
		<pose>Unspecified</pose>
		<truncated>1</truncated>
		<difficult>0</difficult>
		<bndbox>
			<xmin>1</xmin>
			<ymin>3</ymin>
			<xmax>482</xmax>
			<ymax>371</ymax>
		</bndbox>
	</object>
</annotation>
