<annotation>
	<folder>Data</folder>
	<filename>df004.jpg</filename>
	<path>D:\2 code\Data Process\Data\df004.jpg</path>
	<source>
		<database>Unknown</database>
	</source>
	<size>
		<width>512</width>
		<height>512</height>
		<depth>3</depth>
	</size>
	<segmented>0</segmented>
	<object>
		<name>landslide</name>
		<pose>Unspecified</pose>
		<truncated>0</truncated>
		<difficult>0</difficult>
		<bndbox>
			<xmin>179</xmin>
			<ymin>173</ymin>
			<xmax>321</xmax>
			<ymax>301</ymax>
		</bndbox>
	</object>
</annotation>
