<annotation>
	<folder>Dateset</folder>
	<filename>df024.jpg</filename>
	<path>D:\1 Study\Dateset\df024.jpg</path>
	<source>
		<database>Unknown</database>
	</source>
	<size>
		<width>512</width>
		<height>512</height>
		<depth>3</depth>
	</size>
	<segmented>0</segmented>
	<object>
		<name>landslide</name>
		<pose>Unspecified</pose>
		<truncated>1</truncated>
		<difficult>0</difficult>
		<bndbox>
			<xmin>126</xmin>
			<ymin>413</ymin>
			<xmax>449</xmax>
			<ymax>512</ymax>
		</bndbox>
	</object>
	<object>
		<name>landslide</name>
		<pose>Unspecified</pose>
		<truncated>0</truncated>
		<difficult>0</difficult>
		<bndbox>
			<xmin>95</xmin>
			<ymin>186</ymin>
			<xmax>385</xmax>
			<ymax>327</ymax>
		</bndbox>
	</object>
	<object>
		<name>landslide</name>
		<pose>Unspecified</pose>
		<truncated>0</truncated>
		<difficult>0</difficult>
		<bndbox>
			<xmin>97</xmin>
			<ymin>32</ymin>
			<xmax>215</xmax>
			<ymax>176</ymax>
		</bndbox>
	</object>
</annotation>
