<annotation>
	<folder>Dateset</folder>
	<filename>df028.jpg</filename>
	<path>D:\1 Study\Dateset\df028.jpg</path>
	<source>
		<database>Unknown</database>
	</source>
	<size>
		<width>512</width>
		<height>512</height>
		<depth>3</depth>
	</size>
	<segmented>0</segmented>
	<object>
		<name>landslide</name>
		<pose>Unspecified</pose>
		<truncated>0</truncated>
		<difficult>0</difficult>
		<bndbox>
			<xmin>148</xmin>
			<ymin>152</ymin>
			<xmax>365</xmax>
			<ymax>372</ymax>
		</bndbox>
	</object>
</annotation>
