<annotation>
	<folder>Dateset</folder>
	<filename>df026.jpg</filename>
	<path>D:\1 Study\Dateset\df026.jpg</path>
	<source>
		<database>Unknown</database>
	</source>
	<size>
		<width>512</width>
		<height>512</height>
		<depth>3</depth>
	</size>
	<segmented>0</segmented>
	<object>
		<name>landslide</name>
		<pose>Unspecified</pose>
		<truncated>0</truncated>
		<difficult>0</difficult>
		<bndbox>
			<xmin>105</xmin>
			<ymin>140</ymin>
			<xmax>343</xmax>
			<ymax>288</ymax>
		</bndbox>
	</object>
	<object>
		<name>landslide</name>
		<pose>Unspecified</pose>
		<truncated>0</truncated>
		<difficult>0</difficult>
		<bndbox>
			<xmin>99</xmin>
			<ymin>295</ymin>
			<xmax>187</xmax>
			<ymax>397</ymax>
		</bndbox>
	</object>
</annotation>
