<annotation>
	<folder>Dateset</folder>
	<filename>df031.jpg</filename>
	<path>D:\1 Study\Dateset\df031.jpg</path>
	<source>
		<database>Unknown</database>
	</source>
	<size>
		<width>512</width>
		<height>512</height>
		<depth>3</depth>
	</size>
	<segmented>0</segmented>
	<object>
		<name>landslide</name>
		<pose>Unspecified</pose>
		<truncated>0</truncated>
		<difficult>0</difficult>
		<bndbox>
			<xmin>329</xmin>
			<ymin>204</ymin>
			<xmax>411</xmax>
			<ymax>378</ymax>
		</bndbox>
	</object>
	<object>
		<name>landslide</name>
		<pose>Unspecified</pose>
		<truncated>0</truncated>
		<difficult>0</difficult>
		<bndbox>
			<xmin>375</xmin>
			<ymin>3</ymin>
			<xmax>490</xmax>
			<ymax>89</ymax>
		</bndbox>
	</object>
</annotation>
