<annotation>
	<folder>Dateset</folder>
	<filename>hz008.jpg</filename>
	<path>D:\1 Study\Dateset\hz008.jpg</path>
	<source>
		<database>Unknown</database>
	</source>
	<size>
		<width>512</width>
		<height>512</height>
		<depth>3</depth>
	</size>
	<segmented>0</segmented>
	<object>
		<name>landslide</name>
		<pose>Unspecified</pose>
		<truncated>0</truncated>
		<difficult>0</difficult>
		<bndbox>
			<xmin>135</xmin>
			<ymin>164</ymin>
			<xmax>309</xmax>
			<ymax>297</ymax>
		</bndbox>
	</object>
	<object>
		<name>landslide</name>
		<pose>Unspecified</pose>
		<truncated>0</truncated>
		<difficult>0</difficult>
		<bndbox>
			<xmin>38</xmin>
			<ymin>289</ymin>
			<xmax>210</xmax>
			<ymax>484</ymax>
		</bndbox>
	</object>
</annotation>
