<annotation>
	<folder>Data</folder>
	<filename>hz017.jpg</filename>
	<path>D:\2 code\Data Process\Data\hz017.jpg</path>
	<source>
		<database>Unknown</database>
	</source>
	<size>
		<width>512</width>
		<height>512</height>
		<depth>3</depth>
	</size>
	<segmented>0</segmented>
	<object>
		<name>landslide</name>
		<pose>Unspecified</pose>
		<truncated>0</truncated>
		<difficult>0</difficult>
		<bndbox>
			<xmin>232</xmin>
			<ymin>208</ymin>
			<xmax>286</xmax>
			<ymax>271</ymax>
		</bndbox>
	</object>
</annotation>
