<annotation>
	<folder>Dateset</folder>
	<filename>hz013.jpg</filename>
	<path>D:\1 Study\Dateset\hz013.jpg</path>
	<source>
		<database>Unknown</database>
	</source>
	<size>
		<width>512</width>
		<height>512</height>
		<depth>3</depth>
	</size>
	<segmented>0</segmented>
	<object>
		<name>landslide</name>
		<pose>Unspecified</pose>
		<truncated>0</truncated>
		<difficult>0</difficult>
		<bndbox>
			<xmin>101</xmin>
			<ymin>156</ymin>
			<xmax>410</xmax>
			<ymax>447</ymax>
		</bndbox>
	</object>
	<object>
		<name>landslide</name>
		<pose>Unspecified</pose>
		<truncated>0</truncated>
		<difficult>0</difficult>
		<bndbox>
			<xmin>3</xmin>
			<ymin>70</ymin>
			<xmax>77</xmax>
			<ymax>182</ymax>
		</bndbox>
	</object>
</annotation>
