<annotation>
	<folder>Dateset</folder>
	<filename>hz011.jpg</filename>
	<path>D:\1 Study\Dateset\hz011.jpg</path>
	<source>
		<database>Unknown</database>
	</source>
	<size>
		<width>512</width>
		<height>512</height>
		<depth>3</depth>
	</size>
	<segmented>0</segmented>
	<object>
		<name>landslide</name>
		<pose>Unspecified</pose>
		<truncated>0</truncated>
		<difficult>0</difficult>
		<bndbox>
			<xmin>110</xmin>
			<ymin>62</ymin>
			<xmax>190</xmax>
			<ymax>114</ymax>
		</bndbox>
	</object>
	<object>
		<name>landslide</name>
		<pose>Unspecified</pose>
		<truncated>0</truncated>
		<difficult>0</difficult>
		<bndbox>
			<xmin>208</xmin>
			<ymin>196</ymin>
			<xmax>321</xmax>
			<ymax>305</ymax>
		</bndbox>
	</object>
	<object>
		<name>landslide</name>
		<pose>Unspecified</pose>
		<truncated>0</truncated>
		<difficult>0</difficult>
		<bndbox>
			<xmin>45</xmin>
			<ymin>191</ymin>
			<xmax>140</xmax>
			<ymax>221</ymax>
		</bndbox>
	</object>
</annotation>
