<annotation>
	<folder>Dateset</folder>
	<filename>hz021.jpg</filename>
	<path>D:\1 Study\Dateset\hz021.jpg</path>
	<source>
		<database>Unknown</database>
	</source>
	<size>
		<width>512</width>
		<height>512</height>
		<depth>3</depth>
	</size>
	<segmented>0</segmented>
	<object>
		<name>landslide</name>
		<pose>Unspecified</pose>
		<truncated>0</truncated>
		<difficult>0</difficult>
		<bndbox>
			<xmin>56</xmin>
			<ymin>150</ymin>
			<xmax>97</xmax>
			<ymax>183</ymax>
		</bndbox>
	</object>
	<object>
		<name>landslide</name>
		<pose>Unspecified</pose>
		<truncated>0</truncated>
		<difficult>0</difficult>
		<bndbox>
			<xmin>125</xmin>
			<ymin>126</ymin>
			<xmax>185</xmax>
			<ymax>195</ymax>
		</bndbox>
	</object>
	<object>
		<name>landslide</name>
		<pose>Unspecified</pose>
		<truncated>0</truncated>
		<difficult>0</difficult>
		<bndbox>
			<xmin>204</xmin>
			<ymin>46</ymin>
			<xmax>409</xmax>
			<ymax>148</ymax>
		</bndbox>
	</object>
</annotation>
