<annotation>
	<folder>Dateset</folder>
	<filename>hz024.jpg</filename>
	<path>D:\1 Study\Dateset\hz024.jpg</path>
	<source>
		<database>Unknown</database>
	</source>
	<size>
		<width>512</width>
		<height>512</height>
		<depth>3</depth>
	</size>
	<segmented>0</segmented>
	<object>
		<name>landslide</name>
		<pose>Unspecified</pose>
		<truncated>0</truncated>
		<difficult>0</difficult>
		<bndbox>
			<xmin>76</xmin>
			<ymin>94</ymin>
			<xmax>140</xmax>
			<ymax>256</ymax>
		</bndbox>
	</object>
	<object>
		<name>landslide</name>
		<pose>Unspecified</pose>
		<truncated>0</truncated>
		<difficult>0</difficult>
		<bndbox>
			<xmin>188</xmin>
			<ymin>117</ymin>
			<xmax>269</xmax>
			<ymax>194</ymax>
		</bndbox>
	</object>
	<object>
		<name>landslide</name>
		<pose>Unspecified</pose>
		<truncated>0</truncated>
		<difficult>0</difficult>
		<bndbox>
			<xmin>165</xmin>
			<ymin>258</ymin>
			<xmax>362</xmax>
			<ymax>351</ymax>
		</bndbox>
	</object>
</annotation>
