<annotation>
	<folder>Dateset</folder>
	<filename>hz025.jpg</filename>
	<path>D:\1 Study\Dateset\hz025.jpg</path>
	<source>
		<database>Unknown</database>
	</source>
	<size>
		<width>512</width>
		<height>512</height>
		<depth>3</depth>
	</size>
	<segmented>0</segmented>
	<object>
		<name>landslide</name>
		<pose>Unspecified</pose>
		<truncated>0</truncated>
		<difficult>0</difficult>
		<bndbox>
			<xmin>74</xmin>
			<ymin>129</ymin>
			<xmax>153</xmax>
			<ymax>276</ymax>
		</bndbox>
	</object>
	<object>
		<name>landslide</name>
		<pose>Unspecified</pose>
		<truncated>0</truncated>
		<difficult>0</difficult>
		<bndbox>
			<xmin>209</xmin>
			<ymin>170</ymin>
			<xmax>358</xmax>
			<ymax>279</ymax>
		</bndbox>
	</object>
	<object>
		<name>landslide</name>
		<pose>Unspecified</pose>
		<truncated>0</truncated>
		<difficult>0</difficult>
		<bndbox>
			<xmin>170</xmin>
			<ymin>346</ymin>
			<xmax>342</xmax>
			<ymax>389</ymax>
		</bndbox>
	</object>
</annotation>
