<annotation>
	<folder>Dateset</folder>
	<filename>hz039.jpg</filename>
	<path>D:\1 Study\Dateset\hz039.jpg</path>
	<source>
		<database>Unknown</database>
	</source>
	<size>
		<width>512</width>
		<height>512</height>
		<depth>3</depth>
	</size>
	<segmented>0</segmented>
	<object>
		<name>landslide</name>
		<pose>Unspecified</pose>
		<truncated>0</truncated>
		<difficult>0</difficult>
		<bndbox>
			<xmin>103</xmin>
			<ymin>144</ymin>
			<xmax>249</xmax>
			<ymax>230</ymax>
		</bndbox>
	</object>
	<object>
		<name>landslide</name>
		<pose>Unspecified</pose>
		<truncated>0</truncated>
		<difficult>0</difficult>
		<bndbox>
			<xmin>147</xmin>
			<ymin>275</ymin>
			<xmax>296</xmax>
			<ymax>473</ymax>
		</bndbox>
	</object>
</annotation>
