<annotation>
	<folder>Dateset</folder>
	<filename>hz033.jpg</filename>
	<path>D:\1 Study\Dateset\hz033.jpg</path>
	<source>
		<database>Unknown</database>
	</source>
	<size>
		<width>512</width>
		<height>512</height>
		<depth>3</depth>
	</size>
	<segmented>0</segmented>
	<object>
		<name>landslide</name>
		<pose>Unspecified</pose>
		<truncated>0</truncated>
		<difficult>0</difficult>
		<bndbox>
			<xmin>192</xmin>
			<ymin>156</ymin>
			<xmax>340</xmax>
			<ymax>354</ymax>
		</bndbox>
	</object>
</annotation>
