<annotation>
	<folder>Dateset</folder>
	<filename>hz038.jpg</filename>
	<path>D:\1 Study\Dateset\hz038.jpg</path>
	<source>
		<database>Unknown</database>
	</source>
	<size>
		<width>512</width>
		<height>512</height>
		<depth>3</depth>
	</size>
	<segmented>0</segmented>
	<object>
		<name>landslide</name>
		<pose>Unspecified</pose>
		<truncated>0</truncated>
		<difficult>0</difficult>
		<bndbox>
			<xmin>171</xmin>
			<ymin>133</ymin>
			<xmax>363</xmax>
			<ymax>344</ymax>
		</bndbox>
	</object>
	<object>
		<name>landslide</name>
		<pose>Unspecified</pose>
		<truncated>1</truncated>
		<difficult>0</difficult>
		<bndbox>
			<xmin>106</xmin>
			<ymin>1</ymin>
			<xmax>302</xmax>
			<ymax>66</ymax>
		</bndbox>
	</object>
</annotation>
