<annotation>
	<folder>Dateset</folder>
	<filename>hz044.jpg</filename>
	<path>D:\1 Study\Dateset\hz044.jpg</path>
	<source>
		<database>Unknown</database>
	</source>
	<size>
		<width>512</width>
		<height>512</height>
		<depth>3</depth>
	</size>
	<segmented>0</segmented>
	<object>
		<name>landslide</name>
		<pose>Unspecified</pose>
		<truncated>0</truncated>
		<difficult>0</difficult>
		<bndbox>
			<xmin>88</xmin>
			<ymin>269</ymin>
			<xmax>151</xmax>
			<ymax>300</ymax>
		</bndbox>
	</object>
	<object>
		<name>landslide</name>
		<pose>Unspecified</pose>
		<truncated>0</truncated>
		<difficult>0</difficult>
		<bndbox>
			<xmin>196</xmin>
			<ymin>210</ymin>
			<xmax>313</xmax>
			<ymax>384</ymax>
		</bndbox>
	</object>
	<object>
		<name>landslide</name>
		<pose>Unspecified</pose>
		<truncated>0</truncated>
		<difficult>0</difficult>
		<bndbox>
			<xmin>234</xmin>
			<ymin>127</ymin>
			<xmax>331</xmax>
			<ymax>195</ymax>
		</bndbox>
	</object>
</annotation>
