<annotation>
	<folder>Dateset</folder>
	<filename>hz048.jpg</filename>
	<path>D:\1 Study\Dateset\hz048.jpg</path>
	<source>
		<database>Unknown</database>
	</source>
	<size>
		<width>512</width>
		<height>512</height>
		<depth>3</depth>
	</size>
	<segmented>0</segmented>
	<object>
		<name>landslide</name>
		<pose>Unspecified</pose>
		<truncated>0</truncated>
		<difficult>0</difficult>
		<bndbox>
			<xmin>481</xmin>
			<ymin>95</ymin>
			<xmax>511</xmax>
			<ymax>142</ymax>
		</bndbox>
	</object>
	<object>
		<name>landslide</name>
		<pose>Unspecified</pose>
		<truncated>0</truncated>
		<difficult>0</difficult>
		<bndbox>
			<xmin>172</xmin>
			<ymin>140</ymin>
			<xmax>360</xmax>
			<ymax>374</ymax>
		</bndbox>
	</object>
</annotation>
