<annotation>
	<folder>Dateset</folder>
	<filename>hz046.jpg</filename>
	<path>D:\1 Study\Dateset\hz046.jpg</path>
	<source>
		<database>Unknown</database>
	</source>
	<size>
		<width>512</width>
		<height>512</height>
		<depth>3</depth>
	</size>
	<segmented>0</segmented>
	<object>
		<name>landslide</name>
		<pose>Unspecified</pose>
		<truncated>0</truncated>
		<difficult>0</difficult>
		<bndbox>
			<xmin>179</xmin>
			<ymin>56</ymin>
			<xmax>279</xmax>
			<ymax>109</ymax>
		</bndbox>
	</object>
	<object>
		<name>landslide</name>
		<pose>Unspecified</pose>
		<truncated>0</truncated>
		<difficult>0</difficult>
		<bndbox>
			<xmin>141</xmin>
			<ymin>174</ymin>
			<xmax>377</xmax>
			<ymax>353</ymax>
		</bndbox>
	</object>
</annotation>
