<annotation>
	<folder>Dateset</folder>
	<filename>hz054.jpg</filename>
	<path>D:\1 Study\Dateset\hz054.jpg</path>
	<source>
		<database>Unknown</database>
	</source>
	<size>
		<width>512</width>
		<height>512</height>
		<depth>3</depth>
	</size>
	<segmented>0</segmented>
	<object>
		<name>landslide</name>
		<pose>Unspecified</pose>
		<truncated>0</truncated>
		<difficult>0</difficult>
		<bndbox>
			<xmin>171</xmin>
			<ymin>189</ymin>
			<xmax>348</xmax>
			<ymax>335</ymax>
		</bndbox>
	</object>
	<object>
		<name>landslide</name>
		<pose>Unspecified</pose>
		<truncated>0</truncated>
		<difficult>0</difficult>
		<bndbox>
			<xmin>97</xmin>
			<ymin>40</ymin>
			<xmax>156</xmax>
			<ymax>140</ymax>
		</bndbox>
	</object>
</annotation>
