<annotation>
	<folder>Data</folder>
	<filename>hz062.jpg</filename>
	<path>E:\study\Data\hz062.jpg</path>
	<source>
		<database>Unknown</database>
	</source>
	<size>
		<width>512</width>
		<height>512</height>
		<depth>3</depth>
	</size>
	<segmented>0</segmented>
	<object>
		<name>landslide</name>
		<pose>Unspecified</pose>
		<truncated>0</truncated>
		<difficult>0</difficult>
		<bndbox>
			<xmin>167</xmin>
			<ymin>150</ymin>
			<xmax>334</xmax>
			<ymax>366</ymax>
		</bndbox>
	</object>
</annotation>
