<annotation>
	<folder>Dateset</folder>
	<filename>hz065.jpg</filename>
	<path>D:\1 Study\Dateset\hz065.jpg</path>
	<source>
		<database>Unknown</database>
	</source>
	<size>
		<width>512</width>
		<height>512</height>
		<depth>3</depth>
	</size>
	<segmented>0</segmented>
	<object>
		<name>landslide</name>
		<pose>Unspecified</pose>
		<truncated>0</truncated>
		<difficult>0</difficult>
		<bndbox>
			<xmin>453</xmin>
			<ymin>204</ymin>
			<xmax>492</xmax>
			<ymax>269</ymax>
		</bndbox>
	</object>
	<object>
		<name>landslide</name>
		<pose>Unspecified</pose>
		<truncated>0</truncated>
		<difficult>0</difficult>
		<bndbox>
			<xmin>201</xmin>
			<ymin>216</ymin>
			<xmax>308</xmax>
			<ymax>338</ymax>
		</bndbox>
	</object>
</annotation>
