<annotation>
	<folder>data del</folder>
	<filename>hz098.jpg</filename>
	<path>E:\study\data del\hz098.jpg</path>
	<source>
		<database>Unknown</database>
	</source>
	<size>
		<width>512</width>
		<height>512</height>
		<depth>3</depth>
	</size>
	<segmented>0</segmented>
	<object>
		<name>landslide</name>
		<pose>Unspecified</pose>
		<truncated>1</truncated>
		<difficult>0</difficult>
		<bndbox>
			<xmin>332</xmin>
			<ymin>119</ymin>
			<xmax>512</xmax>
			<ymax>331</ymax>
		</bndbox>
	</object>
	<object>
		<name>landslide</name>
		<pose>Unspecified</pose>
		<truncated>0</truncated>
		<difficult>0</difficult>
		<bndbox>
			<xmin>170</xmin>
			<ymin>211</ymin>
			<xmax>280</xmax>
			<ymax>389</ymax>
		</bndbox>
	</object>
</annotation>
