<annotation>
	<folder>Dateset</folder>
	<filename>hz096.jpg</filename>
	<path>D:\1 Study\Dateset\hz096.jpg</path>
	<source>
		<database>Unknown</database>
	</source>
	<size>
		<width>512</width>
		<height>512</height>
		<depth>3</depth>
	</size>
	<segmented>0</segmented>
	<object>
		<name>landslide</name>
		<pose>Unspecified</pose>
		<truncated>0</truncated>
		<difficult>0</difficult>
		<bndbox>
			<xmin>185</xmin>
			<ymin>153</ymin>
			<xmax>334</xmax>
			<ymax>355</ymax>
		</bndbox>
	</object>
	<object>
		<name>landslide</name>
		<pose>Unspecified</pose>
		<truncated>0</truncated>
		<difficult>0</difficult>
		<bndbox>
			<xmin>355</xmin>
			<ymin>387</ymin>
			<xmax>510</xmax>
			<ymax>496</ymax>
		</bndbox>
	</object>
</annotation>
