<annotation>
	<folder>Dateset</folder>
	<filename>js006.jpg</filename>
	<path>D:\1 Study\Dateset\js006.jpg</path>
	<source>
		<database>Unknown</database>
	</source>
	<size>
		<width>512</width>
		<height>512</height>
		<depth>3</depth>
	</size>
	<segmented>0</segmented>
	<object>
		<name>landslide</name>
		<pose>Unspecified</pose>
		<truncated>0</truncated>
		<difficult>0</difficult>
		<bndbox>
			<xmin>180</xmin>
			<ymin>187</ymin>
			<xmax>334</xmax>
			<ymax>351</ymax>
		</bndbox>
	</object>
	<object>
		<name>landslide</name>
		<pose>Unspecified</pose>
		<truncated>0</truncated>
		<difficult>0</difficult>
		<bndbox>
			<xmin>53</xmin>
			<ymin>249</ymin>
			<xmax>163</xmax>
			<ymax>335</ymax>
		</bndbox>
	</object>
</annotation>
