<annotation>
	<folder>Dateset</folder>
	<filename>js008.jpg</filename>
	<path>D:\1 Study\Dateset\js008.jpg</path>
	<source>
		<database>Unknown</database>
	</source>
	<size>
		<width>512</width>
		<height>512</height>
		<depth>3</depth>
	</size>
	<segmented>0</segmented>
	<object>
		<name>landslide</name>
		<pose>Unspecified</pose>
		<truncated>0</truncated>
		<difficult>0</difficult>
		<bndbox>
			<xmin>177</xmin>
			<ymin>268</ymin>
			<xmax>283</xmax>
			<ymax>339</ymax>
		</bndbox>
	</object>
	<object>
		<name>landslide</name>
		<pose>Unspecified</pose>
		<truncated>0</truncated>
		<difficult>0</difficult>
		<bndbox>
			<xmin>191</xmin>
			<ymin>412</ymin>
			<xmax>296</xmax>
			<ymax>505</ymax>
		</bndbox>
	</object>
</annotation>
