<annotation>
	<folder>Dateset</folder>
	<filename>js009.jpg</filename>
	<path>D:\1 Study\Dateset\js009.jpg</path>
	<source>
		<database>Unknown</database>
	</source>
	<size>
		<width>512</width>
		<height>512</height>
		<depth>3</depth>
	</size>
	<segmented>0</segmented>
	<object>
		<name>landslide</name>
		<pose>Unspecified</pose>
		<truncated>0</truncated>
		<difficult>0</difficult>
		<bndbox>
			<xmin>161</xmin>
			<ymin>230</ymin>
			<xmax>356</xmax>
			<ymax>353</ymax>
		</bndbox>
	</object>
</annotation>
