<annotation>
	<folder>Dateset</folder>
	<filename>js007.jpg</filename>
	<path>D:\1 Study\Dateset\js007.jpg</path>
	<source>
		<database>Unknown</database>
	</source>
	<size>
		<width>512</width>
		<height>512</height>
		<depth>3</depth>
	</size>
	<segmented>0</segmented>
	<object>
		<name>landslide</name>
		<pose>Unspecified</pose>
		<truncated>0</truncated>
		<difficult>0</difficult>
		<bndbox>
			<xmin>157</xmin>
			<ymin>150</ymin>
			<xmax>316</xmax>
			<ymax>339</ymax>
		</bndbox>
	</object>
</annotation>
