<annotation>
	<folder>Dateset</folder>
	<filename>js026.jpg</filename>
	<path>D:\1 Study\Dateset\js026.jpg</path>
	<source>
		<database>Unknown</database>
	</source>
	<size>
		<width>512</width>
		<height>512</height>
		<depth>3</depth>
	</size>
	<segmented>0</segmented>
	<object>
		<name>landslide</name>
		<pose>Unspecified</pose>
		<truncated>1</truncated>
		<difficult>0</difficult>
		<bndbox>
			<xmin>148</xmin>
			<ymin>1</ymin>
			<xmax>428</xmax>
			<ymax>512</ymax>
		</bndbox>
	</object>
</annotation>
