<annotation>
	<folder>Dateset</folder>
	<filename>js024.jpg</filename>
	<path>D:\1 Study\Dateset\js024.jpg</path>
	<source>
		<database>Unknown</database>
	</source>
	<size>
		<width>512</width>
		<height>512</height>
		<depth>3</depth>
	</size>
	<segmented>0</segmented>
	<object>
		<name>landslide</name>
		<pose>Unspecified</pose>
		<truncated>0</truncated>
		<difficult>0</difficult>
		<bndbox>
			<xmin>66</xmin>
			<ymin>94</ymin>
			<xmax>346</xmax>
			<ymax>397</ymax>
		</bndbox>
	</object>
</annotation>
