<annotation>
	<folder>data del</folder>
	<filename>js021.jpg</filename>
	<path>E:\study\data del\js021.jpg</path>
	<source>
		<database>Unknown</database>
	</source>
	<size>
		<width>512</width>
		<height>512</height>
		<depth>3</depth>
	</size>
	<segmented>0</segmented>
	<object>
		<name>landslide</name>
		<pose>Unspecified</pose>
		<truncated>0</truncated>
		<difficult>0</difficult>
		<bndbox>
			<xmin>115</xmin>
			<ymin>121</ymin>
			<xmax>304</xmax>
			<ymax>274</ymax>
		</bndbox>
	</object>
</annotation>
