<annotation>
	<folder>data del</folder>
	<filename>js032.jpg</filename>
	<path>E:\study\data del\js032.jpg</path>
	<source>
		<database>Unknown</database>
	</source>
	<size>
		<width>512</width>
		<height>512</height>
		<depth>3</depth>
	</size>
	<segmented>0</segmented>
	<object>
		<name>landslide</name>
		<pose>Unspecified</pose>
		<truncated>0</truncated>
		<difficult>0</difficult>
		<bndbox>
			<xmin>141</xmin>
			<ymin>187</ymin>
			<xmax>350</xmax>
			<ymax>355</ymax>
		</bndbox>
	</object>
</annotation>
