<annotation>
	<folder>Dateset</folder>
	<filename>js037.jpg</filename>
	<path>D:\1 Study\Dateset\js037.jpg</path>
	<source>
		<database>Unknown</database>
	</source>
	<size>
		<width>512</width>
		<height>512</height>
		<depth>3</depth>
	</size>
	<segmented>0</segmented>
	<object>
		<name>landslide</name>
		<pose>Unspecified</pose>
		<truncated>0</truncated>
		<difficult>0</difficult>
		<bndbox>
			<xmin>154</xmin>
			<ymin>139</ymin>
			<xmax>358</xmax>
			<ymax>354</ymax>
		</bndbox>
	</object>
	<object>
		<name>landslide</name>
		<pose>Unspecified</pose>
		<truncated>0</truncated>
		<difficult>0</difficult>
		<bndbox>
			<xmin>357</xmin>
			<ymin>52</ymin>
			<xmax>488</xmax>
			<ymax>221</ymax>
		</bndbox>
	</object>
</annotation>
