<annotation>
	<folder>Data</folder>
	<filename>js033.jpg</filename>
	<path>D:\2 code\Data Process\Data\js033.jpg</path>
	<source>
		<database>Unknown</database>
	</source>
	<size>
		<width>512</width>
		<height>512</height>
		<depth>3</depth>
	</size>
	<segmented>0</segmented>
	<object>
		<name>landslide</name>
		<pose>Unspecified</pose>
		<truncated>0</truncated>
		<difficult>0</difficult>
		<bndbox>
			<xmin>213</xmin>
			<ymin>133</ymin>
			<xmax>307</xmax>
			<ymax>271</ymax>
		</bndbox>
	</object>
	<object>
		<name>landslide</name>
		<pose>Unspecified</pose>
		<truncated>0</truncated>
		<difficult>0</difficult>
		<bndbox>
			<xmin>141</xmin>
			<ymin>273</ymin>
			<xmax>352</xmax>
			<ymax>374</ymax>
		</bndbox>
	</object>
</annotation>
