<annotation>
	<folder>Data</folder>
	<filename>js038.jpg</filename>
	<path>D:\2 code\Data Process\Data\js038.jpg</path>
	<source>
		<database>Unknown</database>
	</source>
	<size>
		<width>512</width>
		<height>512</height>
		<depth>3</depth>
	</size>
	<segmented>0</segmented>
	<object>
		<name>landslide</name>
		<pose>Unspecified</pose>
		<truncated>0</truncated>
		<difficult>0</difficult>
		<bndbox>
			<xmin>166</xmin>
			<ymin>180</ymin>
			<xmax>346</xmax>
			<ymax>346</ymax>
		</bndbox>
	</object>
</annotation>
