<annotation>
	<folder>Data</folder>
	<filename>js048.jpg</filename>
	<path>E:\study\Data\js048.jpg</path>
	<source>
		<database>Unknown</database>
	</source>
	<size>
		<width>512</width>
		<height>512</height>
		<depth>3</depth>
	</size>
	<segmented>0</segmented>
	<object>
		<name>landslide</name>
		<pose>Unspecified</pose>
		<truncated>0</truncated>
		<difficult>0</difficult>
		<bndbox>
			<xmin>181</xmin>
			<ymin>177</ymin>
			<xmax>329</xmax>
			<ymax>324</ymax>
		</bndbox>
	</object>
</annotation>
