<annotation>
	<folder>Dateset</folder>
	<filename>js042.jpg</filename>
	<path>D:\1 Study\Dateset\js042.jpg</path>
	<source>
		<database>Unknown</database>
	</source>
	<size>
		<width>512</width>
		<height>512</height>
		<depth>3</depth>
	</size>
	<segmented>0</segmented>
	<object>
		<name>landslide</name>
		<pose>Unspecified</pose>
		<truncated>0</truncated>
		<difficult>0</difficult>
		<bndbox>
			<xmin>68</xmin>
			<ymin>53</ymin>
			<xmax>112</xmax>
			<ymax>104</ymax>
		</bndbox>
	</object>
	<object>
		<name>landslide</name>
		<pose>Unspecified</pose>
		<truncated>0</truncated>
		<difficult>0</difficult>
		<bndbox>
			<xmin>119</xmin>
			<ymin>125</ymin>
			<xmax>376</xmax>
			<ymax>379</ymax>
		</bndbox>
	</object>
</annotation>
