<annotation>
	<folder>Dateset</folder>
	<filename>js046.jpg</filename>
	<path>D:\1 Study\Dateset\js046.jpg</path>
	<source>
		<database>Unknown</database>
	</source>
	<size>
		<width>512</width>
		<height>512</height>
		<depth>3</depth>
	</size>
	<segmented>0</segmented>
	<object>
		<name>landslide</name>
		<pose>Unspecified</pose>
		<truncated>0</truncated>
		<difficult>0</difficult>
		<bndbox>
			<xmin>194</xmin>
			<ymin>198</ymin>
			<xmax>322</xmax>
			<ymax>313</ymax>
		</bndbox>
	</object>
</annotation>
