<annotation>
	<folder>Dateset</folder>
	<filename>js051.jpg</filename>
	<path>D:\1 Study\Dateset\js051.jpg</path>
	<source>
		<database>Unknown</database>
	</source>
	<size>
		<width>512</width>
		<height>512</height>
		<depth>3</depth>
	</size>
	<segmented>0</segmented>
	<object>
		<name>landslide</name>
		<pose>Unspecified</pose>
		<truncated>0</truncated>
		<difficult>0</difficult>
		<bndbox>
			<xmin>112</xmin>
			<ymin>119</ymin>
			<xmax>366</xmax>
			<ymax>384</ymax>
		</bndbox>
	</object>
</annotation>
