<annotation>
	<folder>Dateset</folder>
	<filename>js060.jpg</filename>
	<path>D:\1 Study\Dateset\js060.jpg</path>
	<source>
		<database>Unknown</database>
	</source>
	<size>
		<width>512</width>
		<height>512</height>
		<depth>3</depth>
	</size>
	<segmented>0</segmented>
	<object>
		<name>landslide</name>
		<pose>Unspecified</pose>
		<truncated>0</truncated>
		<difficult>0</difficult>
		<bndbox>
			<xmin>176</xmin>
			<ymin>153</ymin>
			<xmax>330</xmax>
			<ymax>359</ymax>
		</bndbox>
	</object>
</annotation>
