<annotation>
	<folder>Dateset</folder>
	<filename>js065.jpg</filename>
	<path>D:\1 Study\Dateset\js065.jpg</path>
	<source>
		<database>Unknown</database>
	</source>
	<size>
		<width>512</width>
		<height>512</height>
		<depth>3</depth>
	</size>
	<segmented>0</segmented>
	<object>
		<name>landslide</name>
		<pose>Unspecified</pose>
		<truncated>0</truncated>
		<difficult>0</difficult>
		<bndbox>
			<xmin>187</xmin>
			<ymin>168</ymin>
			<xmax>328</xmax>
			<ymax>350</ymax>
		</bndbox>
	</object>
	<object>
		<name>landslide</name>
		<pose>Unspecified</pose>
		<truncated>0</truncated>
		<difficult>0</difficult>
		<bndbox>
			<xmin>232</xmin>
			<ymin>357</ymin>
			<xmax>411</xmax>
			<ymax>479</ymax>
		</bndbox>
	</object>
</annotation>
