<annotation>
	<folder>Dateset</folder>
	<filename>js067.jpg</filename>
	<path>D:\1 Study\Dateset\js067.jpg</path>
	<source>
		<database>Unknown</database>
	</source>
	<size>
		<width>512</width>
		<height>512</height>
		<depth>3</depth>
	</size>
	<segmented>0</segmented>
	<object>
		<name>landslide</name>
		<pose>Unspecified</pose>
		<truncated>0</truncated>
		<difficult>0</difficult>
		<bndbox>
			<xmin>207</xmin>
			<ymin>194</ymin>
			<xmax>307</xmax>
			<ymax>310</ymax>
		</bndbox>
	</object>
</annotation>
