<annotation>
	<folder>Dateset</folder>
	<filename>js066.jpg</filename>
	<path>D:\1 Study\Dateset\js066.jpg</path>
	<source>
		<database>Unknown</database>
	</source>
	<size>
		<width>512</width>
		<height>512</height>
		<depth>3</depth>
	</size>
	<segmented>0</segmented>
	<object>
		<name>landslide</name>
		<pose>Unspecified</pose>
		<truncated>0</truncated>
		<difficult>0</difficult>
		<bndbox>
			<xmin>174</xmin>
			<ymin>219</ymin>
			<xmax>327</xmax>
			<ymax>326</ymax>
		</bndbox>
	</object>
	<object>
		<name>landslide</name>
		<pose>Unspecified</pose>
		<truncated>0</truncated>
		<difficult>0</difficult>
		<bndbox>
			<xmin>142</xmin>
			<ymin>3</ymin>
			<xmax>291</xmax>
			<ymax>211</ymax>
		</bndbox>
	</object>
</annotation>
