<annotation>
	<folder>Dateset</folder>
	<filename>js073.jpg</filename>
	<path>D:\1 Study\Dateset\js073.jpg</path>
	<source>
		<database>Unknown</database>
	</source>
	<size>
		<width>512</width>
		<height>512</height>
		<depth>3</depth>
	</size>
	<segmented>0</segmented>
	<object>
		<name>landslide</name>
		<pose>Unspecified</pose>
		<truncated>0</truncated>
		<difficult>0</difficult>
		<bndbox>
			<xmin>169</xmin>
			<ymin>206</ymin>
			<xmax>338</xmax>
			<ymax>304</ymax>
		</bndbox>
	</object>
</annotation>
