<annotation>
	<folder>JPEGImages</folder>
	<filename>鲁甸县_152_79.jpg</filename>
	<path>D:\2code\Data\dataset(train)\JPEGImages\鲁甸县_152_79.jpg</path>
	<source>
		<database>Unknown</database>
	</source>
	<size>
		<width>512</width>
		<height>512</height>
		<depth>3</depth>
	</size>
	<segmented>0</segmented>
	<object>
		<name>landslide</name>
		<pose>Unspecified</pose>
		<truncated>0</truncated>
		<difficult>0</difficult>
		<bndbox>
			<xmin>27</xmin>
			<ymin>209</ymin>
			<xmax>109</xmax>
			<ymax>258</ymax>
		</bndbox>
	</object>
	<object>
		<name>landslide</name>
		<pose>Unspecified</pose>
		<truncated>0</truncated>
		<difficult>0</difficult>
		<bndbox>
			<xmin>332</xmin>
			<ymin>150</ymin>
			<xmax>401</xmax>
			<ymax>261</ymax>
		</bndbox>
	</object>
</annotation>
