<annotation>
	<folder>JPEGImages</folder>
	<filename>鲁甸县_154_56.jpg</filename>
	<path>D:\2code\Data\dataset(train)\JPEGImages\鲁甸县_154_56.jpg</path>
	<source>
		<database>Unknown</database>
	</source>
	<size>
		<width>512</width>
		<height>512</height>
		<depth>3</depth>
	</size>
	<segmented>0</segmented>
	<object>
		<name>landslide</name>
		<pose>Unspecified</pose>
		<truncated>1</truncated>
		<difficult>0</difficult>
		<bndbox>
			<xmin>1</xmin>
			<ymin>92</ymin>
			<xmax>379</xmax>
			<ymax>360</ymax>
		</bndbox>
	</object>
	<object>
		<name>landslide</name>
		<pose>Unspecified</pose>
		<truncated>0</truncated>
		<difficult>0</difficult>
		<bndbox>
			<xmin>113</xmin>
			<ymin>368</ymin>
			<xmax>284</xmax>
			<ymax>482</ymax>
		</bndbox>
	</object>
</annotation>
