<annotation>
	<folder>JPEGImages</folder>
	<filename>鲁甸县_150_55.jpg</filename>
	<path>D:\2code\Data\dataset(train)\JPEGImages\鲁甸县_150_55.jpg</path>
	<source>
		<database>Unknown</database>
	</source>
	<size>
		<width>512</width>
		<height>512</height>
		<depth>3</depth>
	</size>
	<segmented>0</segmented>
	<object>
		<name>landslide</name>
		<pose>Unspecified</pose>
		<truncated>0</truncated>
		<difficult>0</difficult>
		<bndbox>
			<xmin>4</xmin>
			<ymin>189</ymin>
			<xmax>280</xmax>
			<ymax>507</ymax>
		</bndbox>
	</object>
</annotation>
