<annotation>
	<folder>JPEGImages</folder>
	<filename>鲁甸县_156_78.jpg</filename>
	<path>D:\2code\Data\dataset(train)\JPEGImages\鲁甸县_156_78.jpg</path>
	<source>
		<database>Unknown</database>
	</source>
	<size>
		<width>512</width>
		<height>512</height>
		<depth>3</depth>
	</size>
	<segmented>0</segmented>
	<object>
		<name>landslide</name>
		<pose>Unspecified</pose>
		<truncated>0</truncated>
		<difficult>0</difficult>
		<bndbox>
			<xmin>175</xmin>
			<ymin>152</ymin>
			<xmax>396</xmax>
			<ymax>348</ymax>
		</bndbox>
	</object>
	<object>
		<name>landslide</name>
		<pose>Unspecified</pose>
		<truncated>0</truncated>
		<difficult>0</difficult>
		<bndbox>
			<xmin>52</xmin>
			<ymin>32</ymin>
			<xmax>112</xmax>
			<ymax>87</ymax>
		</bndbox>
	</object>
</annotation>
