<annotation>
	<folder>JPEGImages</folder>
	<filename>鲁甸县_153_55.jpg</filename>
	<path>D:\2code\Data\dataset(train)\JPEGImages\鲁甸县_153_55.jpg</path>
	<source>
		<database>Unknown</database>
	</source>
	<size>
		<width>512</width>
		<height>512</height>
		<depth>3</depth>
	</size>
	<segmented>0</segmented>
	<object>
		<name>landslide</name>
		<pose>Unspecified</pose>
		<truncated>0</truncated>
		<difficult>0</difficult>
		<bndbox>
			<xmin>269</xmin>
			<ymin>348</ymin>
			<xmax>413</xmax>
			<ymax>461</ymax>
		</bndbox>
	</object>
	<object>
		<name>landslide</name>
		<pose>Unspecified</pose>
		<truncated>0</truncated>
		<difficult>0</difficult>
		<bndbox>
			<xmin>344</xmin>
			<ymin>420</ymin>
			<xmax>509</xmax>
			<ymax>508</ymax>
		</bndbox>
	</object>
</annotation>
