<annotation>
	<folder>JPEGImages</folder>
	<filename>鲁甸县_151_52.jpg</filename>
	<path>D:\2code\Data\dataset(train)\JPEGImages\鲁甸县_151_52.jpg</path>
	<source>
		<database>Unknown</database>
	</source>
	<size>
		<width>512</width>
		<height>512</height>
		<depth>3</depth>
	</size>
	<segmented>0</segmented>
	<object>
		<name>landslide</name>
		<pose>Unspecified</pose>
		<truncated>0</truncated>
		<difficult>0</difficult>
		<bndbox>
			<xmin>30</xmin>
			<ymin>106</ymin>
			<xmax>79</xmax>
			<ymax>142</ymax>
		</bndbox>
	</object>
	<object>
		<name>landslide</name>
		<pose>Unspecified</pose>
		<truncated>0</truncated>
		<difficult>0</difficult>
		<bndbox>
			<xmin>55</xmin>
			<ymin>422</ymin>
			<xmax>126</xmax>
			<ymax>511</ymax>
		</bndbox>
	</object>
	<object>
		<name>landslide</name>
		<pose>Unspecified</pose>
		<truncated>0</truncated>
		<difficult>0</difficult>
		<bndbox>
			<xmin>321</xmin>
			<ymin>233</ymin>
			<xmax>391</xmax>
			<ymax>279</ymax>
		</bndbox>
	</object>
	<object>
		<name>landslide</name>
		<pose>Unspecified</pose>
		<truncated>1</truncated>
		<difficult>0</difficult>
		<bndbox>
			<xmin>443</xmin>
			<ymin>246</ymin>
			<xmax>512</xmax>
			<ymax>325</ymax>
		</bndbox>
	</object>
</annotation>
