<annotation>
	<folder>JPEGImages</folder>
	<filename>鲁甸县_154_55.jpg</filename>
	<path>D:\2code\Data\dataset(train)\JPEGImages\鲁甸县_154_55.jpg</path>
	<source>
		<database>Unknown</database>
	</source>
	<size>
		<width>512</width>
		<height>512</height>
		<depth>3</depth>
	</size>
	<segmented>0</segmented>
	<object>
		<name>landslide</name>
		<pose>Unspecified</pose>
		<truncated>0</truncated>
		<difficult>0</difficult>
		<bndbox>
			<xmin>202</xmin>
			<ymin>91</ymin>
			<xmax>412</xmax>
			<ymax>215</ymax>
		</bndbox>
	</object>
	<object>
		<name>landslide</name>
		<pose>Unspecified</pose>
		<truncated>0</truncated>
		<difficult>0</difficult>
		<bndbox>
			<xmin>302</xmin>
			<ymin>166</ymin>
			<xmax>509</xmax>
			<ymax>322</ymax>
		</bndbox>
	</object>
	<object>
		<name>landslide</name>
		<pose>Unspecified</pose>
		<truncated>0</truncated>
		<difficult>0</difficult>
		<bndbox>
			<xmin>369</xmin>
			<ymin>375</ymin>
			<xmax>511</xmax>
			<ymax>469</ymax>
		</bndbox>
	</object>
</annotation>
