<annotation>
	<folder>JPEGImages</folder>
	<filename>鲁甸县_153_56.jpg</filename>
	<path>D:\2code\Data\dataset(train)\JPEGImages\鲁甸县_153_56.jpg</path>
	<source>
		<database>Unknown</database>
	</source>
	<size>
		<width>512</width>
		<height>512</height>
		<depth>3</depth>
	</size>
	<segmented>0</segmented>
	<object>
		<name>landslide</name>
		<pose>Unspecified</pose>
		<truncated>1</truncated>
		<difficult>0</difficult>
		<bndbox>
			<xmin>1</xmin>
			<ymin>349</ymin>
			<xmax>155</xmax>
			<ymax>464</ymax>
		</bndbox>
	</object>
	<object>
		<name>landslide</name>
		<pose>Unspecified</pose>
		<truncated>0</truncated>
		<difficult>0</difficult>
		<bndbox>
			<xmin>90</xmin>
			<ymin>383</ymin>
			<xmax>357</xmax>
			<ymax>511</ymax>
		</bndbox>
	</object>
</annotation>
