<annotation>
	<folder>JPEGImages</folder>
	<filename>鲁甸县_152_52.jpg</filename>
	<path>D:\2code\Data\dataset(train)\JPEGImages\鲁甸县_152_52.jpg</path>
	<source>
		<database>Unknown</database>
	</source>
	<size>
		<width>512</width>
		<height>512</height>
		<depth>3</depth>
	</size>
	<segmented>0</segmented>
	<object>
		<name>landslide</name>
		<pose>Unspecified</pose>
		<truncated>0</truncated>
		<difficult>0</difficult>
		<bndbox>
			<xmin>55</xmin>
			<ymin>165</ymin>
			<xmax>109</xmax>
			<ymax>230</ymax>
		</bndbox>
	</object>
	<object>
		<name>landslide</name>
		<pose>Unspecified</pose>
		<truncated>0</truncated>
		<difficult>0</difficult>
		<bndbox>
			<xmin>47</xmin>
			<ymin>280</ymin>
			<xmax>195</xmax>
			<ymax>359</ymax>
		</bndbox>
	</object>
	<object>
		<name>landslide</name>
		<pose>Unspecified</pose>
		<truncated>0</truncated>
		<difficult>0</difficult>
		<bndbox>
			<xmin>63</xmin>
			<ymin>386</ymin>
			<xmax>174</xmax>
			<ymax>447</ymax>
		</bndbox>
	</object>
</annotation>
